,feature,n_pairs,n_pre_observations,n_post_observations,pre_difference_mean,post_difference_mean,pre_wilcoxon,post_wilcoxon,pre_cohens,post_cohens,key
0,all,511,1022,1022,49.03153838857631,404.09450897551784,0.0005997401253305211,5.273706112773022e-126,-0.0831135814096538,-0.1463899864980394,0
1,nbdi,511,1022,1022,-7.8302623310858,-87.65770464422238,0.08443132308746347,0.20009154203196178,0.019434140200651207,0.03233038740545393,1
2,nbdi_ma_30,511,1022,1022,1.198068504021152,-137.21931555950965,0.9045774373226595,0.15392467985721708,-0.0028557643907491694,0.052582716402250526,30
3,nbdi_ma_90,511,1022,1022,23.485908137717548,-188.24970904151044,0.024436771615109966,1.822923076181156e-07,-0.05231155930312934,0.07604183617987796,90
4,nbdi_ma_180,511,1022,1022,43.48189995216463,162.9577577122363,0.10121874337147123,2.1021421889962767e-127,-0.08054286368111267,-0.06540578290667931,180
5,nbdi_ma_365,511,1022,1022,66.52481911468426,522.8607289200401,0.24002740677511292,1.648924878360955e-16,-0.11549778375794396,-0.12689672843166871,365
